phrase,concept,most_sim_1,score_1,most_sim_2,score_2,most_sim_3,score_3,most_sim_4,score_4,most_sim_5,score_5,most_sim_6,score_6,most_sim_7,score_7,most_sim_8,score_8,most_sim_9,score_9,most_sim_10,score_10
restore,name,revert,0.6190420389175415,backup,0.5965131521224976,restoration,0.5721127390861511,save,0.530722975730896,recover,0.5199643969535828,backed-up,0.518916130065918,reinstate,0.5012145042419434,back-up,0.5011088252067566,recreate,0.49510592222213745,checkpoint,0.48733460903167725
cout,name,endl,0.9006460905075073,cin,0.6323007941246033,cerr,0.6208795309066772,std,0.5707083940505981,wcout,0.5185790657997131,setw,0.48257216811180115,getch,0.4419894814491272,getchar,0.4372248649597168,wcerr,0.4327373504638672,int,0.43250229954719543
show,name,hide,0.5960861444473267,displayed,0.5848076343536377,dialog,0.4769688844680786,messagebox,0.45439857244491577,depict,0.4369046986103058,display,0.43174004554748535,clicked,0.4163205921649933,appear,0.4157424867153168,popup,0.41412949562072754,present,0.4105730652809143
ffi,name,cffi,0.5285193920135498,libffi,0.520732045173645,swig,0.47984910011291504,cython,0.4484773576259613,lua,0.4470250606536865,ctype,0.44501635432243347,dlopen,0.4430713653564453,argtype,0.4361410140991211,bng,0.43084895610809326,ccall,0.42842602729797363
gcount,name,readsome,0.7265069484710693,noskipw,0.5557218790054321,nread,0.5550891160964966,readbyte,0.5442550182342529,streambuffer,0.5431099534034729,eofbit,0.5398224592208862,getline,0.5330055952072144,bytecount,0.5317912697792053,tellg,0.5317462086677551,bytesread,0.531685471534729
ofstream,name,fstream,0.8159838914871216,ifstream,0.8095325231552124,fout,0.6754538416862488,wofstream,0.5986297130584717,outfile,0.5770716667175293,filebuf,0.5741565227508545,rdbuf,0.5645173788070679,ofile,0.5506051778793335,wifstream,0.5285781621932983,fopen,0.5070107579231262
pointer,name,dereferenc,0.6838560700416565,dereference,0.6743824481964111,dereferenced,0.6489621996879578,pointed-to,0.571193516254425,de-referenc,0.5535175800323486,de-reference,0.5134684443473816,pointee,0.4998073875904083,poiner,0.49074143171310425,deference,0.48990124464035034,pointer-to-pointer,0.48938873410224915
find,name,closest,0.5584503412246704,found,0.5331940650939941,npo,0.39027833938598633,couldnt,0.38622063398361206,sought,0.3835059404373169,locate,0.38062816858291626,match,0.3782092332839966,ancestor,0.3721219301223755,finder,0.364732027053833,occurance,0.3642192482948303
struct,name,typedef,0.743277907371521,mystruct,0.5422692894935608,stuct,0.5263028144836426,sizeof,0.5209870338439941,typedefed,0.5060497522354126,uint,0.4950033128261566,typename,0.4787134528160095,typdef,0.4722653031349182,bitfield,0.4699179232120514,unsigned,0.4638948142528534
fpar,name,ipar,0.4354201555252075,ipre,0.42654380202293396,cpar,0.4132794141769409,vtot,0.4066941738128662,nband,0.3985803723335266,nonneg,0.3984212875366211,osize,0.3930617570877075,npt,0.39252710342407227,copyin,0.39208805561065674,ncnt,0.39117592573165894
enno,name,ohlebusch,0.7760305404663086,bingmann,0.5559185743331909,giegerich,0.5481515526771545,esko,0.5455834865570068,jouni,0.5443544387817383,luttenberger,0.5363107323646545,heiner,0.5361023545265198,stoye,0.5320660471916199,karhum,0.5305434465408325,bacher,0.5279759764671326
replacer,name,replace,0.6307079195976257,replacement,0.5898327827453613,regex,0.5029008388519287,replaceall,0.4887635409832001,reviver,0.46663200855255127,subn,0.45823895931243896,newstr,0.45707300305366516,rgx,0.4561450481414795,ireplace,0.4280626177787781,drop-in,0.4213118851184845
init,name,initialize,0.5498490333557129,initialise,0.49347221851348877,initialisation,0.4587717652320862,initalize,0.4498787224292755,inited,0.44965052604675293,initalization,0.44206416606903076,initwith,0.4385543465614319,initialization,0.43250563740730286,intialize,0.4250516891479492,autorelease,0.4241568446159363
ftype,name,filetype,0.5239542722702026,finfo,0.44770464301109314,ptype,0.43054333329200745,declaim,0.4248722791671753,pathext,0.413637638092041,fileinfo,0.41309934854507446,assoc,0.4104177951812744,fimg,0.3977619707584381,htype,0.3973510265350342,etype,0.39053767919540405
bno,name,cgy,0.4951466917991638,ufj,0.4917124807834625,wlt,0.4907889664173126,jno,0.4656427502632141,axg,0.4646795094013214,tyb,0.46344247460365295,vbq,0.4606780707836151,ahj,0.46050047874450684,eqd,0.45672646164894104,nqv,0.45652419328689575
getpid,name,getppid,0.7836980819702148,waitpid,0.6760596036911011,pid,0.6478937864303589,ppid,0.6397297382354736,wexitstatu,0.628434419631958,childpid,0.6266419887542725,mypid,0.6168776154518127,usleep,0.605129599571228,getpgrp,0.5885273218154907,sigusr,0.5855988264083862
writen,name,writt,0.654992938041687,writed,0.6468656659126282,wirte,0.5437150597572327,write,0.5079065561294556,writte,0.44262057542800903,wite,0.41159170866012573,bufferedwriter,0.39079397916793823,wriiten,0.3855708837509155,readn,0.3800331652164459,writted,0.3712186813354492
usage,name,useage,0.5732386112213135,utilization,0.5279965996742249,consumption,0.5259405374526978,footprint,0.476998895406723,texa,0.4644002914428711,skyrocket,0.45787835121154785,utilisation,0.45434725284576416,consuption,0.4451131224632263,cpu,0.4444722533226013,boston,0.43941575288772583
mutex,name,semaphore,0.7549556493759155,lock,0.7128455638885498,spinlock,0.6697695851325989,unlock,0.6333313584327698,rwlock,0.6030123233795166,sempahore,0.5631201267242432,mtx,0.5586994886398315,mymutex,0.5528820753097534,semaphor,0.5499000549316406,locker,0.54930180311203
Change,name,chnage,0.635568380355835,chage,0.609088659286499,chaged,0.5130833983421326,notify,0.5003373622894287,update,0.4898715019226074,modify,0.4599035382270813,recalculate,0.4552587866783142,adjustment,0.45252135396003723,cahnge,0.4502415359020233,onchange,0.43422427773475647
string,name,strung,0.7581015825271606,piec,0.6894699335098267,cobbl,0.6820880770683289,cobble,0.6461860537528992,mashed,0.6128714084625244,pieced,0.6066547632217407,cobbled,0.6062584519386292,slapped,0.5694549083709717,together,0.5646836757659912,clumped,0.5561119318008423
read,name,write,0.694058895111084,reader,0.5220531821250916,readline,0.5091309547424316,fread,0.49732446670532227,gcount,0.49431872367858887,stream,0.4809674620628357,readbyte,0.47658681869506836,stdin,0.47508567571640015,nbyte,0.468791663646698,readsome,0.4648513197898865
Maximum,name,minimum,0.8629345893859863,exceed,0.6951806545257568,maximal,0.615425705909729,max,0.6053431034088135,allowable,0.5504106879234314,minumum,0.5086684226989746,limit,0.5015414953231812,threshold,0.48731529712677,average,0.46748965978622437,exces,0.4581814706325531
number,name,digit,0.5317562818527222,num,0.518875002861023,nubmer,0.5138365030288696,total,0.49982893466949463,integer,0.49753230810165405,nuber,0.4957188665866852,three-digit,0.4912540912628174,count,0.4722478687763214,interger,0.46940064430236816,qlcd,0.4477492570877075
Bad,name,good,0.6382207870483398,terrible,0.5954669713973999,horrible,0.49483177065849304,rare,0.4788449704647064,worst-case,0.46283087134361267,best,0.44501784443855286,exec,0.42638230323791504,well,0.42111992835998535,inappropriate,0.41809535026550293,unacceptable,0.4165436625480652
Superblock,name,inode,0.5442519783973694,hyperblock,0.5410886406898499,super-block,0.5174636244773865,treegion,0.5161639451980591,i-node,0.5037568807601929,sub-block,0.4780024290084839,subblock,0.4766056537628174,btrf,0.4468803405761719,yaff,0.4256914258003235,dentry,0.41303789615631104
Filesystem,name,file-system,0.7631102800369263,ntf,0.6458463668823242,disk,0.6266437768936157,mount,0.6104851365089417,inode,0.5954209566116333,on-disk,0.582934558391571,btrf,0.5753000974655151,filestore,0.5701372623443604,directory,0.5493507385253906,hdf,0.5491844415664673
bar,name,horrify,0.4496656060218811,unho,0.42928263545036316,diabolical,0.4219633936882019,blowout,0.41337138414382935,ever-present,0.40245527029037476,stuxnet,0.4013964533805847,overengineer,0.3975062072277069,plague,0.39695149660110474,vile,0.39475923776626587,caper,0.3937184512615204
memcpy,name,memset,0.7044275999069214,sizeof,0.6697679758071899,memmove,0.6683136224746704,memcopy,0.6434393525123596,malloc,0.6350575685501099,strncpy,0.589000940322876,strcpy,0.5839333534240723,calloc,0.5725713968276978,memcmp,0.5480200052261353,cuda,0.5405659675598145
ctime,name,mtime,0.7433357238769531,localtime,0.7302435636520386,gmtime,0.6944466233253479,atime,0.6737672090530396,utime,0.6400165557861328,strftime,0.6177074313163757,getmtime,0.586474597454071,rawtime,0.5862882733345032,ftime,0.5861761569976807,timeinfo,0.5860227942466736
ifstream,name,fstream,0.812760591506958,ofstream,0.8095325231552124,getline,0.639075517654419,wifstream,0.5822016000747681,ifile,0.5779412388801575,istream,0.576296329498291,fopen,0.5547122955322266,infile,0.5463002920150757,istringstream,0.5416401624679565,seekg,0.540336012840271
Width,name,height,0.7267457246780396,margin,0.5529435276985168,style,0.5058954954147339,pad,0.4990198612213135,border,0.49332863092422485,center,0.4874740242958069,size,0.4748416244983673,left,0.46833541989326477,widht,0.46493640542030334,color,0.46396949887275696
dname,name,deptno,0.6719011068344116,dno,0.6226253509521484,sname,0.6125603914260864,mgrssn,0.6038750410079956,deptid,0.5960266590118408,ename,0.5855833888053894,dnumber,0.5769726634025574,deptname,0.5756855607032776,dnum,0.5569602847099304,empno,0.5442467927932739
sstream,name,iomanip,0.7307924032211304,stringstream,0.713516116142273,iostream,0.7052175402641296,ostringstream,0.6620306968688965,cstdlib,0.6606936454772949,istringstream,0.6469853520393372,cstdio,0.5973498821258545,stdexcept,0.5765855312347412,cctype,0.5719257593154907,fstream,0.5606265068054199
remove,name,removal,0.5906837582588196,add,0.556759238243103,delete,0.5451405048370361,re-add,0.5239845514297485,unneeded,0.4774608910083771,superview,0.4640027582645416,readd,0.4589959979057312,unwanted,0.45406612753868103,erase,0.44549837708473206,extraneou,0.4406595826148987
Process,name,procces,0.6049385666847229,pid,0.5132632255554199,sub-process,0.49639278650283813,spawn,0.49286943674087524,kill,0.49086111783981323,proccess,0.46453821659088135,multiprocess,0.4575711488723755,wait,0.4563872516155243,processor,0.45013582706451416,proce,0.44208675622940063
vector,name,vect,0.628350555896759,matrix,0.5969705581665039,matrice,0.5076957941055298,m-dimensional,0.49895554780960083,n-dimensional,0.49679112434387207,k-dimensional,0.49077317118644714,scalar,0.481212854385376,dot-product,0.4770868420600891,l-dimensional,0.4765247106552124,sub-vector,0.46542930603027344
readn,name,nsent,0.5558463335037231,nwrite,0.5415514707565308,byteswritten,0.5375521779060364,bytecount,0.5297472476959229,wset,0.5164318084716797,aiocb,0.5157262086868286,readp,0.5143093466758728,t-operation,0.5124543905258179,readj,0.5074476003646851,readlen,0.5063710808753967
mode,name,promiscuou,0.48166120052337646,enable,0.46442681550979614,full-screen,0.4628358483314514,non-edit,0.44346824288368225,kiosk,0.4234091341495514,doze,0.4102728068828583,disable,0.40968120098114014,swsurface,0.39783337712287903,envf,0.3929313123226166,lanscape,0.392435222864151
kill,name,shut,0.6652278900146484,pkill,0.6150374412536621,sigkill,0.6099891662597656,restart,0.6092344522476196,killer,0.6042210459709167,hang,0.591106653213501,killall,0.5897801518440247,sigterm,0.5737154483795166,dead,0.5720863342285156,sighup,0.5634545683860779
strcmp,name,strncmp,0.8099970817565918,strcasecmp,0.6836259961128235,stricmp,0.6532447934150696,strchr,0.6363987922668457,memcmp,0.6337488889694214,strstr,0.6226006746292114,strlen,0.6177571415901184,strcpy,0.5975103974342346,strncasecmp,0.596062958240509,sscanf,0.5635167956352234
force,name,brute,0.5196656584739685,forceful,0.478397011756897,unless,0.4426940381526947,torque,0.4423251748085022,recalculation,0.41980335116386414,exerted,0.4141082167625427,whenever,0.4085090458393097,rigidbody,0.40431514382362366,repulsive,0.39761611819267273,either,0.39716750383377075
moden,name,atwood,0.5616340637207031,sqlservercentral,0.5385778546333313,itzik,0.5295175313949585,pinal,0.5069587230682373,sharkey,0.49896350502967834,cullough,0.4581381380558014,guthrie,0.4516031742095947,attwood,0.44850024580955505,quassnoi,0.4467393755912781,levithan,0.4417273700237274
dump,name,dumped,0.633785605430603,dmp,0.5019881129264832,vardump,0.49943190813064575,dumper,0.4886590242385864,dumpfile,0.4672517776489258,pickle,0.4634370505809784,mysqldump,0.462620347738266,jstack,0.4564949870109558,procdump,0.4476146101951599,heapdump,0.4348977208137512
Create,name,creation,0.5380043983459473,new,0.5128962993621826,craete,0.4600924253463745,instance,0.45724382996559143,crated,0.430819571018219,pre-created,0.4172700345516205,instantiate,0.4022673964500427,factory,0.3985854983329773,instanciate,0.37708020210266113,creator,0.374925434589386
past,name,decade,0.5700644254684448,today,0.5679012537002563,recent,0.5620290637016296,week,0.5047193765640259,stuck,0.48952022194862366,battl,0.48242995142936707,progress,0.48010876774787903,historical,0.4799092710018158,tomorrow,0.4775512218475342,experience,0.47605544328689575
Source,name,alt,0.49566417932510376,dest,0.49205586314201355,destination,0.4682613015174866,dst,0.46414774656295776,souce,0.46368178725242615,png,0.45915400981903076,target,0.45764970779418945,sourc,0.4218457341194153,ource,0.4184086322784424,soure,0.41806650161743164
lno,name,lye,0.5526400804519653,fno,0.5297244787216187,hlo,0.5158988237380981,rrz,0.4977083206176758,kuf,0.4916209280490875,egq,0.48223114013671875,cno,0.47803211212158203,wzr,0.4777950942516327,axh,0.4775715470314026,qgo,0.4764989912509918
flush,name,fsync,0.5168019533157349,unflushed,0.49876099824905396,close,0.4951278567314148,stdout,0.4917784333229065,buffer,0.4760100841522217,flusher,0.47059527039527893,write,0.4655204713344574,fflush,0.46518340706825256,auto-flush,0.45215901732444763,shutdown,0.4398803412914276
fail,name,succeed,0.7999725341796875,failure,0.7739881277084351,error,0.6473850011825562,aborted,0.6218760013580322,successful,0.6213036775588989,unsuccessful,0.6077914237976074,attempt,0.5815856456756592,abort,0.5764080286026001,invalid,0.5651474595069885,faile,0.5366941690444946
operation,name,opertion,0.5609659552574158,opeartion,0.531444787979126,opration,0.49668821692466736,perform,0.4842240512371063,atomic,0.464679479598999,suboperation,0.46271222829818726,opertaion,0.460380882024765,arithmetic,0.4348923861980438,compare-and-set,0.4325317144393921,bitwise,0.430467426776886
Copy,name,paste,0.5802969932556152,copyed,0.5142351388931274,deepcopy,0.5031003355979919,deep-copy,0.5010987520217896,overwrite,0.4665497839450836,coppied,0.46201932430267334,temporary,0.45649755001068115,copier,0.4563709497451782,clone,0.45424535870552063,pastespecial,0.4529542326927185
tmp,name,temp,0.5748913288116455,tmpdir,0.5034430623054504,dir,0.49364036321640015,tempfile,0.48853737115859985,tmpfile,0.47255071997642517,mkdir,0.4537023901939392,mnt,0.4302458167076111,mktemp,0.42590752243995667,file,0.4247578978538513,workdir,0.42243465781211853
filen,name,ikke,0.6138045787811279,kunne,0.5845143795013428,blev,0.5700698494911194,eller,0.5680567622184753,skal,0.5489829778671265,namn,0.5448322296142578,skriv,0.5408986806869507,databasen,0.5382972955703735,vinnare,0.5318292379379272,indhold,0.5212859511375427
seekg,name,tellg,0.8580799698829651,seekp,0.8318620324134827,tellp,0.6773584485054016,streampo,0.6674842238426208,fseek,0.6623343229293823,beg,0.649077832698822,ftell,0.6307973861694336,ifstream,0.5403361320495605,fstream,0.5276030898094177,memblock,0.5228277444839478
mydump-34backup,name,dumpall,0.664122462272644,dbdump,0.6557937860488892,sqlfile,0.6202903985977173,mysqlimport,0.596566379070282,mydatabasename,0.5926718711853027,sqldump,0.5823318958282471,backupfile,0.5814917683601379,mysqldump,0.5735551714897156,mybackup,0.5707778930664062,dbbackup,0.5678167939186096
access,name,acces,0.6994168162345886,reside,0.539972722530365,acess,0.5324935913085938,read-on,0.5169357061386108,acce,0.5164923667907715,accessible,0.49534842371940613,accesed,0.4750496745109558,accessable,0.4483608901500702,accesible,0.4225967526435852,file-system,0.42073386907577515
cassert,name,cstddef,0.7201868891716003,cstdlib,0.6689566373825073,iostream,0.6217528581619263,stdexcept,0.6171760559082031,cstdio,0.6021711826324463,cstdint,0.5952394008636475,sstream,0.5604221820831299,cstdarg,0.541954755783081,stddef,0.5365380048751831,climit,0.5336350202560425
dblist,name,rawlist,0.40394362807273865,dbpas,0.39823275804519653,sqldatum,0.39230436086654663,listname,0.3879014253616333,dataname,0.375476598739624,mysqlhost,0.37529346346855164,tablelist,0.37455785274505615,listdatum,0.37046486139297485,entrylist,0.37032923102378845,hostlist,0.3694729804992676
sprintf,name,strcat,0.6826204061508179,snprintf,0.6712425947189331,strlen,0.6049239635467529,vsprintf,0.5318549871444702,fmt,0.5275236368179321,sscanf,0.5272685289382935,strcpy,0.5258013010025024,itoa,0.5124001502990723,atoi,0.4963415861129761,strncpy,0.4880124032497406
print,name,prinln,0.44563430547714233,printout,0.4430104196071625,cout,0.42359721660614014,output,0.41864925622940063,printl,0.4140865206718445,fmt,0.4129340648651123,sprintf,0.4091792106628418,putchar,0.40765810012817383,repr,0.3999367952346802,fmtstr,0.3994347155094147
progress,name,gradual,0.6229919195175171,continual,0.6163443326950073,pace,0.5961639881134033,steadi,0.5960730910301208,evolf,0.5864988565444946,evolve,0.5840452313423157,rapid,0.5572976469993591,ongo,0.5121530294418335,progressive,0.49930131435394287,untill,0.4968188405036926
locate,name,reside,0.7394704818725586,vicinity,0.509124755859375,within,0.4947991967201233,nearby,0.4861551523208618,resided,0.48113250732421875,situate,0.4649777114391327,lie,0.4525943994522095,designate,0.4441859722137451,place,0.4433716833591461,relocate,0.44007712602615356
process,name,procces,0.6049385666847229,pid,0.5132632255554199,sub-process,0.49639278650283813,spawn,0.49286943674087524,kill,0.49086111783981323,proccess,0.46453821659088135,multiprocess,0.4575711488723755,wait,0.4563872516155243,processor,0.45013582706451416,proce,0.44208675622940063
Youre,name,dunno,0.6378183364868164,cuz,0.600762128829956,wouldnt,0.5898343324661255,propab,0.5754011869430542,waht,0.5746902823448181,youll,0.544934868812561,ofcourse,0.5438926219940186,becouse,0.5296524167060852,definate,0.5292849540710449,wanna,0.5275495052337646
iostream,name,sstream,0.7052175998687744,stdio,0.7033963203430176,cstdio,0.6988261938095093,cstdlib,0.6796497106552124,iomanip,0.634530246257782,cassert,0.6217527985572815,stdafx,0.5836257934570312,stdlib,0.5397884845733643,fstream,0.5377158522605896,std,0.5279458165168762
opertaion,name,opration,0.6709078550338745,opeartion,0.6680604815483093,opertion,0.6461879014968872,perfrom,0.595166802406311,peform,0.5332992672920227,perfom,0.522583544254303,preform,0.5067123174667358,sub-operation,0.5016244649887085,operaton,0.4847722053527832,curd,0.48151397705078125
Directory,name,subdirectory,0.7740349769592285,folder,0.7306293249130249,sub-directory,0.7273125052452087,dir,0.6742985248565674,direcotry,0.6375871300697327,directoy,0.6154486536979675,subfolder,0.6138089895248413,file,0.6018404960632324,direcory,0.595805287361145,symlink,0.5921971797943115
mytest-,name,testme,0.6189016699790955,testit,0.5544393062591553,testtest,0.5342833995819092,test,0.5303550362586975,foobar,0.5177823305130005,testfile,0.5158939957618713,testdatum,0.500104546546936,helloworld,0.4990790784358978,testlib,0.4885965883731842,testclas,0.4846794605255127
change,name,chnage,0.635568380355835,chage,0.609088659286499,chaged,0.5130833983421326,notify,0.5003373622894287,update,0.4898715019226074,modify,0.4599035382270813,recalculate,0.4552587866783142,adjustment,0.45252135396003723,cahnge,0.4502415359020233,onchange,0.43422427773475647
search,name,searchfilter,0.29176437854766846,searche,0.2716723084449768,serch,0.2505137324333191,searchlist,0.23414520919322968,partial-match,0.22648221254348755,numerate,0.22390930354595184,searchphrase,0.22388151288032532,searchname,0.22114159166812897,querytext,0.2180955857038498,deat,0.21734260022640228
newpwd,name,newpas,0.7312540411949158,oldpas,0.7218374013900757,newpassword,0.6650083065032959,npassword,0.6613011956214905,newpw,0.656316876411438,confirmpas,0.6300841569900513,psswd,0.6264239549636841,passowrd,0.626304030418396,oldpassword,0.6258479952812195,cpwd,0.6232529878616333
Dump,name,dumped,0.633785605430603,dmp,0.5019881129264832,vardump,0.49943190813064575,dumper,0.4886590242385864,dumpfile,0.4672517776489258,pickle,0.4634370505809784,mysqldump,0.462620347738266,jstack,0.4564949870109558,procdump,0.4476146101951599,heapdump,0.4348977208137512
showfile,name,jasperforge,0.5229434967041016,atid,0.520232081413269,doku,0.4907119870185852,phpclass,0.47604188323020935,freshmeat,0.4735654294490814,showthread,0.4491695165634155,viewtopic,0.4442368447780609,viewforum,0.44148051738739014,goup,0.4382137060165405,getgroup,0.4304876923561096
data,name,mydatum,0.4913056790828705,raw,0.4289878308773041,dset,0.4279156029224396,mdatum,0.42510223388671875,json,0.4218761920928955,newdatum,0.4175471067428589,alldatum,0.4144230782985687,tabular,0.41018083691596985,getdatum,0.40126800537109375,yourdatum,0.39535319805145264
inlist,name,outlist,0.5922849178314209,nextlist,0.5293174982070923,thelist,0.4991615414619446,splitlist,0.49044284224510193,dlist,0.48966485261917114,alist,0.475304514169693,listlen,0.4729030728340149,namelist,0.4529186487197876,biglist,0.4411853551864624,nextitem,0.4378802180290222
Root,name,non-root,0.5957379341125488,sub-tree,0.5561090111732483,subtree,0.5471435785293579,non-leaf,0.48574307560920715,subroot,0.48151880502700806,kdmflush,0.47836148738861084,leaf,0.45863813161849976,toor,0.4565277695655823,path,0.45300227403640747,nonroot,0.44926124811172485
block,name,try-catch,0.506543755531311,sub-block,0.4967491924762726,unblocked,0.48946478962898254,unblock,0.4823329448699951,blk,0.47850096225738525,subblock,0.45783665776252747,blocksize,0.4351952373981476,try-except,0.42117732763290405,begin-end,0.415674090385437,pblock,0.4070186913013458
rand,name,random,0.7545269727706909,rnd,0.7322529554367065,randint,0.583635687828064,seed,0.5741995573043823,randomizer,0.5513971447944641,srand,0.5273519158363342,shuffle,0.5213133096694946,randn,0.5204648375511169,nrand,0.5131016969680786,myrand,0.5059519410133362
Errno,name,strerror,0.7175565958023071,perror,0.6948044300079346,einval,0.6860778331756592,fcntl,0.596169114112854,eagain,0.5849305987358093,enoent,0.574542760848999,eintr,0.5370009541511536,errcode,0.534193217754364,eacce,0.5321388244628906,stderr,0.5290382504463196
chmod,name,chown,0.8290203213691711,chgrp,0.694269597530365,umask,0.6846599578857422,rwx,0.6609747409820557,sudo,0.6491231918334961,mkdir,0.6040996313095093,setuid,0.5949186086654663,rwxrwxrwx,0.5948860049247742,sudoer,0.5873479843139648,chroot,0.5766921043395996
system,name,sytem,0.5911575555801392,new-object,0.3906169831752777,diagnostic,0.3789229989051819,service,0.3501753807067871,linux-based,0.3492394685745239,sub-system,0.34820929169654846,networked,0.3456524610519409,systen,0.3430498242378235,mscorlib,0.34116387367248535,print,0.3392275273799896
operator-,name,unary,0.6381213068962097,ternary,0.5886031985282898,operand,0.5800527930259705,overload,0.5689055919647217,bitwise,0.5390613079071045,operater,0.5300639271736145,null-conditional,0.523916482925415,address-of,0.512078046798706,infix,0.508233368396759,null-coalesc,0.5040633082389832
operator,name,unary,0.6381213068962097,ternary,0.5886031985282898,operand,0.5800527930259705,overload,0.5689055919647217,bitwise,0.5390613079071045,operater,0.5300639271736145,null-conditional,0.523916482925415,address-of,0.512078046798706,infix,0.508233368396759,null-coalesc,0.5040633082389832
table,name,column,0.597536027431488,tbl,0.582539439201355,row,0.5669581294059753,dbo,0.49835607409477234,colum,0.48517554998397827,tablename,0.484519898891449,tabel,0.47689202427864075,tbody,0.4729965329170227,insert,0.457170307636261,sql,0.44863271713256836
txt,name,textfile,0.5919133424758911,text,0.5661175847053528,testfile,0.5619614124298096,txtfile,0.5284332633018494,file,0.5101755857467651,yourfile,0.497420072555542,fopen,0.4794340133666992,somefile,0.47175899147987366,newfile,0.46725890040397644,filename,0.4661935567855835
size,name,max,0.49759650230407715,length,0.4894105792045593,megabyte,0.47653859853744507,width,0.4748416244983673,maxsize,0.47468990087509155,kilobyte,0.4658966064453125,filesize,0.4621686637401581,font,0.45753446221351624,shrink,0.45296984910964966,maximum,0.45205309987068176
snprintf,name,strncpy,0.7592929601669312,strncat,0.7122437953948975,strcat,0.6800599098205566,asprintf,0.676365852355957,sprintf,0.6712425947189331,strcpy,0.6583878397941589,strdup,0.6382588148117065,vsnprintf,0.6364080905914307,itoa,0.6133419871330261,strlen,0.6069121360778809
fstream,name,ofstream,0.8159838914871216,ifstream,0.8127607107162476,filebuf,0.5693375468254089,sstream,0.5606266260147095,stringstream,0.5564390420913696,iostream,0.5377158522605896,istream,0.5359482169151306,seekg,0.527603030204773,fout,0.5146740674972534,wifstream,0.5072066187858582
create,name,creation,0.5380043983459473,new,0.5128962993621826,craete,0.4600924253463745,instance,0.45724382996559143,crated,0.430819571018219,pre-created,0.4172700345516205,instantiate,0.4022673964500427,factory,0.3985854983329773,instanciate,0.37708020210266113,creator,0.374925434589386
mkdir,name,dir,0.6160216331481934,chmod,0.6040996313095093,rmdir,0.5842694640159607,makedir,0.5668174028396606,newdir,0.5607202053070068,testdir,0.5597634315490723,mydir,0.5527626276016235,mnt,0.5499849915504456,mktemp,0.5405415892601013,destdir,0.5340330600738525
name,name,type,0.5689592361450195,str,0.5432613492012024,surname,0.5273244380950928,smith,0.4746968448162079,description,0.47178125381469727,age,0.4671981632709503,gender,0.46582382917404175,value,0.45275023579597473,lastname,0.43139684200286865,firstname,0.4297472834587097
rmdir,name,unlink,0.6974104642868042,popd,0.6073787212371826,pushd,0.5950007438659668,rmtree,0.5849508047103882,enotempty,0.5843583345413208,mkdir,0.5842694640159607,chdir,0.579391360282898,removedir,0.5728909969329834,tempdir,0.5667123794555664,newdir,0.549429714679718
lastmod,name,changefreq,0.6522574424743652,urlset,0.5558280944824219,modtime,0.5360981822013855,filemtime,0.5208990573883057,lastmodified,0.5157294869422913,filectime,0.4952794015407562,mtime,0.49289509654045105,sitemap,0.47428619861602783,lastupdate,0.44922006130218506,moddate,0.4343695640563965
Data,name,mydatum,0.4913056790828705,raw,0.4289878308773041,dset,0.4279156029224396,mdatum,0.42510223388671875,json,0.4218761920928955,newdatum,0.4175471067428589,alldatum,0.4144230782985687,tabular,0.41018083691596985,getdatum,0.40126800537109375,yourdatum,0.39535319805145264
files,name,filez,0.5344715118408203,fileextension,0.5172092914581299,filname,0.5096489191055298,lastfile,0.4963493347167969,uploadfolder,0.47925472259521484,uploadpath,0.47652071714401245,nextfile,0.4743269979953766,singlefile,0.47411173582077026,iglob,0.4732927680015564,strfile,0.46786797046661377
Display,name,dispa,0.6063422560691833,displayed,0.6029347777366638,diplay,0.5921187400817871,dispay,0.5367945432662964,none,0.49286705255508423,dsiplay,0.4579021632671356,diaplay,0.4497256278991699,show,0.43174004554748535,dislay,0.4277210831642151,style,0.4139755666255951
dumpfile,name,dmp,0.7716845870018005,impdp,0.7371152639389038,expdp,0.7359873652458191,mysqldump,0.6249986290931702,datapump,0.5730085372924805,parfile,0.5686531662940979,expdat,0.5631448030471802,dpump,0.5590983629226685,sqlfile,0.555833101272583,mydump,0.5300760269165039
assert,name,assertion,0.6797844171524048,equal,0.5887479186058044,sut,0.4925246238708496,mock,0.47909116744995117,test,0.4735155403614044,eql,0.46612465381622314,asser,0.45992517471313477,expect,0.4509721100330353,mocked,0.45012763142585754,hamcrest,0.43353748321533203
Error,name,fail,0.6473851203918457,invalid,0.6334377527236938,exception,0.6006916761398315,failure,0.5715277194976807,fatal,0.5501505136489868,warn,0.549411952495575,message,0.5247901678085327,mismatch,0.509320080280304,errno,0.49373483657836914,unexpected,0.4916055202484131
copy,name,paste,0.5802969932556152,copyed,0.5142351388931274,deepcopy,0.5031003355979919,deep-copy,0.5010987520217896,overwrite,0.4665497839450836,coppied,0.46201932430267334,temporary,0.45649755001068115,copier,0.4563709497451782,clone,0.45424535870552063,pastespecial,0.4529542326927185
newman,name,girvan,0.6327629089355469,clauset,0.573521077632904,karrer,0.5410270690917969,barab,0.5348701477050781,barabasi,0.527633547782898,strogatz,0.5240066051483154,stanley,0.518237292766571,core-periphery,0.4974168539047241,small-world,0.4891766905784607,leskovec,0.4871855676174164
std,name,boost,0.5721513032913208,cout,0.5707083940505981,endl,0.5363267660140991,iostream,0.5279458165168762,typename,0.5267000198364258,constant,0.5230525732040405,stringstream,0.5134842991828918,stl,0.5109410285949707,wstr,0.5093082189559937,sstream,0.4889793395996094
exception,name,throwable,0.6378200054168701,error,0.600691556930542,exeption,0.5440359711647034,excpetion,0.4709259867668152,execption,0.4676414430141449,invalid,0.45895740389823914,expection,0.4513457417488098,exeception,0.44351375102996826,npe,0.4162489175796509,fail,0.41332143545150757
chdir,name,getcwd,0.8172747492790222,cwd,0.7000597715377808,curdir,0.6287533044815063,mydir,0.6186624765396118,realpath,0.5973622798919678,abspath,0.5937310457229614,homedir,0.5824097990989685,listdir,0.5808150768280029,rmdir,0.579391360282898,fchdir,0.5775741338729858
wait,name,sleep,0.6596149802207947,finish,0.6550735235214233,busy,0.6496281623840332,idle,0.6072081327438354,woken,0.5651859641075134,unblock,0.5558229088783264,hang,0.546466588973999,untill,0.5442992448806763,delay,0.5439226627349854,interrupt,0.5388123989105225
descriptor,name,decriptor,0.5229191780090332,discriptor,0.4661403000354767,ebadf,0.43437665700912476,fileno,0.4106610417366028,pfd,0.40520232915878296,keypoint,0.3981119990348816,gdt,0.3870822787284851,fdopen,0.386441171169281,sift,0.38600224256515503,metadata,0.38463932275772095
limit,name,exceed,0.635466456413269,max,0.5161153078079224,maximum,0.5015414357185364,unlimited,0.4987218677997589,throttle,0.4901247024536133,quota,0.4713217616081238,asc,0.46851491928100586,infinity,0.4643096923828125,limn,0.452398419380188,supremum,0.4492974877357483
str,name,name,0.5432612895965576,int,0.5281479954719543,get,0.5259038209915161,char,0.5246919393539429,public,0.5017246007919312,new,0.4957211911678314,substr,0.46976011991500854,text,0.46838778257369995,return,0.4679730534553528,null,0.4664512872695923
Open,name,close,0.5500190258026123,opend,0.5417876243591309,openn,0.5189073085784912,openfile,0.5044661164283752,reopen,0.4939452111721039,clos,0.4655919671058655,rdwr,0.46351736783981323,re-open,0.4585418701171875,rdon,0.45602476596832275,creat,0.44157278537750244
display,name,dispa,0.6063422560691833,displayed,0.6029347777366638,diplay,0.5921187400817871,dispay,0.5367945432662964,none,0.49286705255508423,dsiplay,0.4579021632671356,diaplay,0.4497256278991699,show,0.43174004554748535,dislay,0.4277210831642151,style,0.4139755666255951
delete,name,deletion,0.6131624579429626,remove,0.5451405048370361,delet,0.5331130027770996,destroy,0.5045114755630493,unlink,0.4929097294807434,orphan,0.49152976274490356,insert,0.4903617203235626,update,0.4792243540287018,cascade,0.47173160314559937,delte,0.4607517421245575
Destination,name,dest,0.7335458397865295,destionation,0.6043919324874878,dst,0.5968642234802246,destn,0.5499860048294067,desination,0.5398744344711304,sink,0.5040849447250366,desti,0.5028462409973145,destin,0.4893452227115631,destine,0.48368722200393677,source,0.4682613015174866
int,name,void,0.5868991613388062,double,0.5703765153884888,char,0.5618407726287842,integer,0.5587099194526672,public,0.5349835157394409,unsigned,0.5341842174530029,str,0.5281479954719543,uint,0.5180327892303467,num,0.5170024633407593,count,0.5011200904846191
tellg,name,seekg,0.8580799102783203,seekp,0.7223986983299255,tellp,0.718789279460907,streampo,0.6960922479629517,ftell,0.6630828976631165,streamoff,0.5850884914398193,beg,0.5525326728820801,fseek,0.5373387932777405,gcount,0.5317461490631104,memblock,0.5143063068389893
dumped,name,dump,0.6337855458259583,corefile,0.5507532358169556,gcore,0.486854612827301,coredump,0.4665793776512146,backtrace,0.4376274049282074,corrupt,0.4280641973018646,segfault,0.42718884348869324,core,0.4226245582103729,bugcheck,0.42107921838760376,ulimit,0.40637853741645813
Write,name,read,0.694058895111084,writeline,0.531766414642334,writt,0.513150691986084,writen,0.5079065561294556,writer,0.47707903385162354,flush,0.4655204713344574,atomical,0.4579871892929077,fwrite,0.43854665756225586,outputstream,0.4295221269130707,nbyte,0.42215123772621155
inno,name,isam,0.8562309145927429,innodb,0.7363368272781372,myisam,0.6882243156433105,engine,0.5225059390068054,charset,0.4942273795604706,toku,0.4796593189239502,ndbcluster,0.46371757984161377,smallint,0.438750684261322,primary,0.4278140068054199,collate,0.42526161670684814
file,name,filename,0.7181006073951721,filepath,0.6464124321937561,directory,0.6018404960632324,dir,0.5653544068336487,folder,0.5527050495147705,path,0.5338941812515259,testfile,0.5220351219177246,filelist,0.5162688493728638,txt,0.5101755857467651,tempfile,0.5095927715301514
pthread,name,mutex,0.5415868759155273,mythread,0.530677318572998,sthread,0.5154200196266174,thrd,0.514792263507843,nanosleep,0.4945216178894043,gettid,0.4871942400932312,nthread,0.4788341820240021,joinable,0.4757119417190552,libc,0.4716153144836426,threadfunc,0.4676291346549988
strlen,name,strcpy,0.7077467441558838,strncpy,0.7071132659912109,strncmp,0.6908169984817505,strstr,0.6711821556091309,strcat,0.6372722387313843,strcmp,0.6177570819854736,snprintf,0.6069121360778809,sprintf,0.6049239635467529,strcspn,0.5992278456687927,strchr,0.5974829196929932
sem,name,semaphore,0.5524210929870605,semid,0.5493380427360535,sema,0.5270664691925049,semop,0.5142691731452942,mutex,0.48970043659210205,subj,0.4570261836051941,ntica,0.44457727670669556,shm,0.4407750070095062,semafor,0.43510881066322327,semaphor,0.432203471660614
binary,name,hexadecimal,0.49211224913597107,bitstr,0.490530788898468,n-bit,0.4797322154045105,non-binary,0.47351187467575073,unary,0.4702945947647095,hex,0.46008336544036865,varbinary,0.4564977288246155,bytearray,0.43936049938201904,radix,0.4377521276473999,byte-array,0.4373040795326233
end,name,begin,0.7268405556678772,start,0.5903339982032776,sub,0.532414436340332,else,0.5097127556800842,elsif,0.4709831476211548,beg,0.45337238907814026,decelerat,0.4337441027164459,endp,0.4311537742614746,strt,0.4169359803199768,def,0.41589611768722534
Read,name,write,0.694058895111084,reader,0.5220531821250916,readline,0.5091309547424316,fread,0.49732446670532227,gcount,0.49431872367858887,stream,0.4809674620628357,readbyte,0.47658681869506836,stdin,0.47508567571640015,nbyte,0.468791663646698,readsome,0.4648513197898865
Max,name,min,0.821881890296936,maximum,0.6053431034088135,imum,0.5365203022956848,maxi,0.53201824426651,length,0.5284627676010132,limit,0.5161154270172119,pmax,0.5145729780197144,smax,0.4997345805168152,size,0.49759650230407715,maxy,0.4844051003456116
fsize,name,filesize,0.5821000337600708,getsize,0.5808086395263672,fhandle,0.5608795881271362,bsize,0.5570740699768066,fread,0.5517230033874512,fstat,0.5305876731872559,fpath,0.5256974697113037,mtime,0.5217692255973816,filelen,0.5143543481826782,statinfo,0.5143426656723022
write,name,read,0.694058895111084,writeline,0.531766414642334,writt,0.513150691986084,writen,0.5079065561294556,writer,0.47707903385162354,flush,0.4655204713344574,atomical,0.4579871892929077,fwrite,0.43854665756225586,outputstream,0.4295221269130707,nbyte,0.42215123772621155
dest,name,destination,0.7335458397865295,dst,0.7214293479919434,source,0.49205586314201355,tgt,0.47415709495544434,destn,0.4563472270965576,shutil,0.4522630572319031,dir,0.44428378343582153,destin,0.4366048276424408,destionation,0.42923182249069214,robocopy,0.427898645401001
ent,name,noquote,0.5990357398986816,htmlentity,0.599006175994873,environm,0.5599347352981567,htmlspecialchar,0.5541485548019409,compon,0.48946261405944824,docum,0.4607013761997223,argum,0.4508143663406372,enty,0.43049055337905884,entity,0.4255037307739258,hed,0.42029309272766113
fname,name,lname,0.8769538998603821,mname,0.6889084577560425,sname,0.6782314777374268,fullname,0.5380276441574097,fpath,0.5379059314727783,firstname,0.523378849029541,lastname,0.5192868709564209,tname,0.4845212697982788,dob,0.46755722165107727,oname,0.46607154607772827
test,name,testcase,0.6379233002662659,tester,0.5859375,unittest,0.5604588985443115,suite,0.5502967238426208,unit-test,0.5464276671409607,testmethod,0.5387829542160034,harnes,0.534130871295929,mytest,0.5303550362586975,test-case,0.52289879322052,sut,0.5202186107635498
mycode,name,below,0.48625218868255615,somecode,0.4835608899593353,myprog,0.47621315717697144,myscript,0.4723711907863617,myprogram,0.4688442349433899,myfolder,0.4615931510925293,myutil,0.45763444900512695,mytest,0.4558982849121094,mylib,0.45106592774391174,myfunction,0.43923550844192505
Delete,name,deletion,0.6131624579429626,remove,0.5451405048370361,delet,0.5331130027770996,destroy,0.5045114755630493,unlink,0.4929097294807434,orphan,0.49152976274490356,insert,0.4903617203235626,update,0.4792243540287018,cascade,0.47173160314559937,delte,0.4607517421245575
buff,name,buffer,0.6699169278144836,nbyte,0.5573452711105347,bufsize,0.5516940355300903,recv,0.5467416048049927,nread,0.5463018417358398,numbyte,0.5434682965278625,bufsiz,0.5327214002609253,buffsize,0.5220615863800049,buflen,0.5087318420410156,buffersize,0.5054444670677185
status,name,stau,0.5601541996002197,response,0.49800437688827515,statuscode,0.49043703079223633,succes,0.4819861650466919,pend,0.4476182162761688,inprogres,0.4418308436870575,approve,0.43559375405311584,marital,0.4349971413612366,maritial,0.42470404505729675,getstatu,0.4205496907234192
finish,name,wait,0.6550735235214233,complete,0.5977638363838196,completion,0.5931006073951721,stop,0.556734025478363,untill,0.5364894866943359,continue,0.5259448289871216,unfinished,0.5074347257614136,start,0.4949405789375305,finshed,0.49089524149894714,immediate,0.4785517454147339
mytext,name,newtext,0.6465584635734558,sometext,0.5909046530723572,mytextbox,0.5549131631851196,thetext,0.5532442927360535,textvalue,0.5280090570449829,myinput,0.523144006729126,myvalue,0.5182842016220093,inputtext,0.5070844888687134,txtbox,0.4960258901119232,mytxt,0.4892401099205017
Remove,name,removal,0.5906837582588196,add,0.556759238243103,delete,0.5451405048370361,re-add,0.5239845514297485,unneeded,0.4774608910083771,superview,0.4640027582645416,readd,0.4589959979057312,unwanted,0.45406612753868103,erase,0.44549837708473206,extraneou,0.4406595826148987
directory,name,subdirectory,0.7740349769592285,folder,0.7306293249130249,sub-directory,0.7273125052452087,dir,0.6742985248565674,direcotry,0.6375871300697327,directoy,0.6154486536979675,subfolder,0.6138089895248413,file,0.6018404960632324,direcory,0.595805287361145,symlink,0.5921971797943115
Attempt,name,succeed,0.5893930196762085,fail,0.5815856456756592,unsuccessful,0.567484974861145,attemp,0.5585335493087769,successful,0.5536038279533386,subsequent,0.5204881429672241,try,0.4974379241466522,refuse,0.46049660444259644,aborted,0.4472765326499939,chance,0.41709449887275696
Mode,name,promiscuou,0.48166120052337646,enable,0.46442681550979614,full-screen,0.4628358483314514,non-edit,0.44346824288368225,kiosk,0.4234091341495514,doze,0.4102728068828583,disable,0.40968120098114014,swsurface,0.39783337712287903,envf,0.3929313123226166,lanscape,0.392435222864151
Enter,name,re-enter,0.6827547550201416,inputt,0.6565297245979309,inputted,0.6400858163833618,prompt,0.6231647729873657,reenter,0.6080637574195862,entere,0.5483514666557312,scanf,0.5373828411102295,cin,0.5325182676315308,nplease,0.5118207931518555,enetered,0.5095874667167664
Restore,name,revert,0.6190420389175415,backup,0.5965131521224976,restoration,0.5721127390861511,save,0.530722975730896,recover,0.5199643969535828,backed-up,0.518916130065918,reinstate,0.5012145042419434,back-up,0.5011088252067566,recreate,0.49510592222213745,checkpoint,0.48733460903167725
eof,name,getc,0.6658939719200134,end-of-file,0.6636654734611511,fgetc,0.6549166440963745,getchar,0.5950047969818115,bof,0.5886616110801697,feof,0.5787926912307739,fscanf,0.5767786502838135,goto,0.5683702826499939,stdin,0.5422585606575012,getline,0.5224072337150574
algorithm,name,algo,0.5885295867919922,heuristic,0.587540864944458,algortihm,0.5666776895523071,algoritm,0.5134110450744629,alogrithm,0.4910566806793213,greedy,0.4905617833137512,algorihtm,0.4840773344039917,one-pas,0.4765551686286926,gorithm,0.47563543915748596,quicksort,0.46327072381973267
spill,name,spilled,0.7414844036102295,compaction,0.5089075565338135,thrash,0.4641782343387604,spillage,0.4126092195510864,reallocation,0.4084485173225403,overfill,0.4059930145740509,reclaim,0.3912021815776825,rematerialization,0.3910362124443054,hold-up,0.39077627658843994,wastage,0.3901476263999939
getppid,name,getpid,0.7836981415748596,wexitstatu,0.6909079551696777,getpgrp,0.6825271844863892,getpgid,0.6530671119689941,setpgrp,0.6447170972824097,wifexited,0.6420013904571533,childpid,0.6376519799232483,waitpid,0.6366946697235107,wifsignaled,0.6052707433700562,setsid,0.6035163402557373
perform,name,preform,0.7046664953231812,perfom,0.5571255683898926,peform,0.5292800664901733,carry,0.5111087560653687,performe,0.49303340911865234,preformed,0.49156150221824646,perfrom,0.4868108034133911,operation,0.4842240810394287,involve,0.4535183608531952,perfomed,0.40082457661628723
ext,name,dnsn,0.5097160339355469,xtype,0.4890763759613037,extj,0.4808078408241272,gridpanel,0.45366230607032776,extension,0.4338611960411072,cmp,0.43277737498283386,afterrender,0.4271422326564789,localedatum,0.413601815700531,sencha,0.40876322984695435,mkf,0.399648517370224
File,name,filename,0.7181006073951721,filepath,0.6464124321937561,directory,0.6018404960632324,dir,0.5653544068336487,folder,0.5527050495147705,path,0.5338941812515259,testfile,0.5220351219177246,filelist,0.5162688493728638,txt,0.5101755857467651,tempfile,0.5095927715301514
time,name,millisecond,0.6983151435852051,elapse,0.6480523943901062,minute,0.6420029401779175,microsecond,0.6097568273544312,duration,0.5937211513519287,stamp,0.5920795202255249,period,0.5904977321624756,milisecond,0.5806094408035278,nanosecond,0.5735212564468384,msec,0.5663974285125732
Inode,name,i-node,0.7546475529670715,dentry,0.6911324262619019,filesystem,0.5954208970069885,fstat,0.5830743908882141,statf,0.578080415725708,ino,0.5723533630371094,vnode,0.5718389749526978,lstat,0.5537959933280945,superblock,0.5442519187927246,mknod,0.5385182499885559
